Timestamp,What is your age range?,What is your gender?,Which social media apps do you use regularly?,Instagram,Tiktok,YouTube,Reddit,Twitter,How much time per day do you spend scrolling social media?,What time of day do you use social media the most?,Do you feel that the time you spend on social media has an overall positive or negative effect on your mental well-being?,"Which apps do you feel impacts your mental health positively?
",Instagram,Tiktok,YouTube,Reddit,Twitter,None,"  Which apps do you feel impacts your mental health negatively?
",Instagram,TikTok,YouTube,Reddit,Twitter,None,How do you feel about your current level of daily social media usage?,Click the statements that you feel apply to you:,Unfocused?,Sad?,Anxious?,"Have you ever considered deleting social media apps, temporarily or permanently, for mental health reasons?"
4/24/2024 10:41:46,18 - 24 years old,Female,Instagram,1,0,0,0,0,< 1 Hr,Evening,Neutral,TikTok,0,1,0,0,0,0,TikTok,0,1,0,0,0,0,I'd prefer to use it a lot less than I do.,I am generally content and happy much of the time.,0,0,0,"Yes, and I've done it"
4/24/2024 11:18:15,55 - 64 years old,Male,Twitter/X,0,0,0,0,1,< 1 Hr,Evening,Slightly Negative,None,0,0,0,0,0,1,Twitter/X,0,0,0,0,1,0,I'd prefer to use it slightly less than I do.,I struggle to focus for extended periods of time.,1,0,0,"No, never"
4/24/2024 11:33:35,18 - 24 years old,Female,Instagram,1,0,0,0,0,< 1 Hr,Evening,Very Negative,None,0,0,0,0,0,1,"Instagram, TikTok, YouTube, Twitter/X, Reddit",1,1,1,1,1,0,I am okay with it.,I feel anxious and overwhelmed often.,0,0,1,"Yes, and I've done it"
4/24/2024 11:37:32,18 - 24 years old,Male,YouTube,0,0,1,0,0,< 1 Hr,Afternoon,Slightly Negative,None,0,0,0,0,0,1,YouTube,0,0,1,0,0,0,I'd prefer to use it slightly less than I do.,"I struggle to focus for extended periods of time., I am generally content and happy much of the time.",1,0,0,"Yes, and I've done it"
4/24/2024 11:50:37,55 - 64 years old,Female,Instagram,1,0,0,0,0,< 1 Hr,Evening,Very Negative,None,0,0,0,0,0,1,"Instagram, YouTube",1,0,1,0,0,0,I am okay with it.,I struggle to focus for extended periods of time.,1,0,0,"Yes, and I've done it"
4/24/2024 12:21:15,18 - 24 years old,Female,"Instagram, YouTube",1,0,1,0,0,< 1 Hr,Evening,Slightly Negative,None,0,0,0,0,0,1,"Instagram, TikTok, YouTube",1,1,1,0,0,0,I'd prefer to use it a lot less than I do.,"I struggle to focus for extended periods of time., I am generally content and happy much of the time.",1,0,0,"Yes, and I've done it"
4/24/2024 12:27:47,18 - 24 years old,Female,"YouTube, Reddit",0,0,1,1,0,< 1 Hr,Evening,Slightly Negative,None,0,0,0,0,0,1,,0,0,0,0,0,0,I'd prefer to use it slightly less than I do.,I struggle to focus for extended periods of time.,1,0,0,"Yes, and I've done it"
4/24/2024 12:32:02,18 - 24 years old,Female,"Instagram, YouTube",1,0,1,0,0,< 1 Hr,Evening,Neutral,YouTube,0,0,1,0,0,0,Instagram,1,0,0,0,0,0,I'd prefer to use it slightly less than I do.,I am generally content and happy much of the time.,0,0,0,"No, never"
4/24/2024 13:35:59,18 - 24 years old,Female,Instagram,1,0,0,0,0,< 1 Hr,Morning,Neutral,None,0,0,0,0,0,1,"Instagram, YouTube",1,0,1,0,0,0,I'd prefer to use it slightly less than I do.,I am generally content and happy much of the time.,0,0,0,"Yes, but I haven't done it"
4/24/2024 13:45:08,18 - 24 years old,Female,"Instagram, YouTube",1,0,1,0,0,< 1 Hr,Afternoon,Slightly Negative,"Instagram, YouTube",1,0,1,0,0,0,"TikTok, Twitter/X, Reddit",0,1,0,1,1,0,I am okay with it.,"I struggle to focus for extended periods of time., I am generally content and happy much of the time.",1,0,0,"Yes, and I've done it"
4/24/2024 13:54:35,18 - 24 years old,Male,"Instagram, YouTube, Reddit",1,0,1,1,0,< 1 Hr,Afternoon,Slightly Negative,YouTube,0,0,1,0,0,0,"Instagram, Reddit",1,0,0,1,0,0,I'd prefer to use it a lot less than I do.,I am generally content and happy much of the time.,0,0,0,"Yes, and I've done it"
4/24/2024 14:03:39,18 - 24 years old,Male,"Instagram, TikTok, YouTube, Reddit",1,1,1,1,0,< 1 Hr,Afternoon,Slightly Positive,YouTube,0,0,1,0,0,0,"Twitter/X, Reddit",0,0,0,1,1,0,I'd prefer to use it slightly less than I do.,"I struggle to focus for extended periods of time., I feel anxious and overwhelmed often., I am generally content and happy much of the time.",1,0,1,"Yes, and I've done it"
4/24/2024 15:57:08,18 - 24 years old,Female,"Instagram, YouTube",1,0,1,0,0,< 1 Hr,Morning,Very Negative,None,0,0,0,0,0,1,Instagram,1,0,0,0,0,0,I am okay with it.,I struggle to focus for extended periods of time.,1,0,0,"Yes, and I've done it"
4/24/2024 18:40:31,18 - 24 years old,Male,YouTube,0,0,1,0,0,< 1 Hr,Afternoon,Neutral,YouTube,0,0,1,0,0,0,"Instagram, TikTok, Twitter/X, Reddit, Option 7",1,1,0,1,1,0,I'd prefer to use it slightly less than I do.,I struggle to focus for extended periods of time.,1,0,0,"Yes, but I haven't done it"
4/24/2024 19:18:26,45 - 54 years old,Female,Instagram,1,0,0,0,0,< 1 Hr,Evening,Slightly Positive,Instagram,1,0,0,0,0,0,TikTok,0,1,0,0,0,0,I am okay with it.,I am generally content and happy much of the time.,0,0,0,"Yes, and I've done it"
4/28/2024 12:07:07,18 - 24 years old,Male,"YouTube, Reddit",0,0,1,1,0,< 1 Hr,Evening,Slightly Positive,"YouTube, Reddit",0,0,1,1,0,0,None,0,0,0,0,0,1,I'd prefer to use it slightly less than I do.,"I struggle to focus for extended periods of time., I am generally content and happy much of the time.",1,0,0,"No, never"
4/24/2024 10:32:00,55 - 64 years old,Female,Twitter/X,0,0,0,0,1,1 - 2 Hr,Evening,Very Negative,None,0,0,0,0,0,1,Twitter/X,0,0,0,0,1,0,I'd prefer to use it a lot less than I do.,I struggle to focus for extended periods of time.,1,0,0,"Yes, but I haven't done it"
4/24/2024 10:35:47,18 - 24 years old,Female,Instagram,1,0,0,0,0,1 - 2 Hr,Morning,Slightly Negative,None,0,0,0,0,0,1,"TikTok, Twitter/X, Reddit",0,1,0,1,1,0,I'd prefer to use it slightly less than I do.,"I feel anxious and overwhelmed often., I am generally content and happy much of the time.",0,0,1,"Yes, and I've done it"
4/24/2024 10:36:09,18 - 24 years old,Male,YouTube,0,0,1,0,0,1 - 2 Hr,Morning,Slightly Negative,None,0,0,0,0,0,1,YouTube,0,0,1,0,0,0,I'd prefer to use it a lot less than I do.,I am generally content and happy much of the time.,0,0,0,"Yes, and I've done it"
4/24/2024 10:37:21,18 - 24 years old,Male,"Instagram, YouTube",1,0,1,0,0,1 - 2 Hr,Evening,Neutral,None,0,0,0,0,0,1,None,0,0,0,0,0,1,I'd prefer to use it slightly less than I do.,"I struggle to focus for extended periods of time., I am generally content and happy much of the time.",1,0,0,"Yes, and I've done it"
4/24/2024 10:37:27,18 - 24 years old,Female,"Instagram, YouTube",1,0,1,0,0,1 - 2 Hr,Evening,Slightly Negative,None,0,0,0,0,0,1,"Instagram, YouTube",1,0,1,0,0,0,I'd prefer to use it slightly less than I do.,"I struggle to focus for extended periods of time., I feel anxious and overwhelmed often., I am generally content and happy much of the time.",1,0,1,"Yes, and I've done it"
4/24/2024 10:37:51,18 - 24 years old,Female,"Instagram, TikTok",1,1,0,0,0,1 - 2 Hr,Afternoon,Slightly Positive,"Instagram, TikTok",1,1,0,0,0,0,None,0,0,0,0,0,1,I am okay with it.,I am generally content and happy much of the time.,0,0,0,"No, never"
4/24/2024 10:38:51,18 - 24 years old,Male,YouTube,0,0,1,0,0,1 - 2 Hr,Evening,Neutral,YouTube,0,0,1,0,0,0,"Instagram, TikTok, Twitter/X, Reddit, Option 7",1,1,0,1,1,0,I am okay with it.,"I struggle to focus for extended periods of time., I feel anxious and overwhelmed often., I feel sad and hopeless often.",1,1,1,"Yes, and I've done it"
4/24/2024 10:39:23,18 - 24 years old,Male,Instagram,1,0,0,0,0,1 - 2 Hr,Afternoon,Slightly Negative,None,0,0,0,0,0,1,Instagram,1,0,0,0,0,0,I'd prefer to use it slightly less than I do.,I struggle to focus for extended periods of time.,1,0,0,"Yes, but I haven't done it"
4/24/2024 10:41:33,18 - 24 years old,Male,"Instagram, YouTube",1,0,1,0,0,1 - 2 Hr,Evening,Slightly Positive,"Instagram, YouTube",1,0,1,0,0,0,Instagram,1,0,0,0,0,0,I'd prefer to use it slightly less than I do.,I am generally content and happy much of the time.,0,0,0,"Yes, and I've done it"
4/24/2024 10:47:59,18 - 24 years old,Female,"Instagram, TikTok",1,1,0,0,0,1 - 2 Hr,Evening,Slightly Positive,"Instagram, TikTok",1,1,0,0,0,0,None,0,0,0,0,0,1,I'd prefer to use it slightly less than I do.,I am generally content and happy much of the time.,0,0,0,"Yes, and I've done it"
4/24/2024 10:49:18,18 - 24 years old,Female,YouTube,0,0,1,0,0,1 - 2 Hr,Evening,Slightly Negative,None,0,0,0,0,0,1,TikTok,0,1,0,0,0,0,I'd prefer to use it a lot less than I do.,"I struggle to focus for extended periods of time., I feel anxious and overwhelmed often.",1,0,1,"Yes, and I've done it"
4/24/2024 10:51:44,45 - 54 years old,Female,"Instagram, YouTube",1,0,1,0,0,1 - 2 Hr,Morning,Neutral,"Instagram, YouTube",1,0,1,0,0,0,"TikTok, Twitter/X, Reddit",0,1,0,1,1,0,I'd prefer to use it a lot less than I do.,I am generally content and happy much of the time.,0,0,0,"Yes, and I've done it"
4/24/2024 10:54:01,18 - 24 years old,Male,"Instagram, YouTube, Reddit",1,0,1,1,0,1 - 2 Hr,Evening,Very Negative,"Instagram, YouTube",1,0,1,0,0,0,"Instagram, Reddit",1,0,0,1,0,0,I'd prefer to use it slightly less than I do.,"I struggle to focus for extended periods of time., I feel sad and hopeless often.",1,1,0,"Yes, and I've done it"
4/24/2024 11:01:54,25 - 34 years old,Female,"Instagram, Twitter/X",1,0,0,0,1,1 - 2 Hr,Evening,Very Negative,Twitter/X,0,0,0,0,1,0,"Instagram, Twitter/X",1,0,0,0,1,0,I'd prefer to use it a lot less than I do.,I struggle to focus for extended periods of time.,1,0,0,"Yes, and I've done it"
4/24/2024 11:03:11,18 - 24 years old,Female,YouTube,0,0,1,0,0,1 - 2 Hr,Evening,Slightly Negative,YouTube,0,0,1,0,0,0,,0,0,0,0,0,0,I'd prefer to use it a lot less than I do.,I struggle to focus for extended periods of time.,1,0,0,"Yes, and I've done it"
4/24/2024 11:09:32,18 - 24 years old,Female,"Instagram, TikTok",1,1,0,0,0,1 - 2 Hr,Evening,Slightly Negative,Instagram,1,0,0,0,0,0,TikTok,0,1,0,0,0,0,I'd prefer to use it a lot less than I do.,I am generally content and happy much of the time.,0,0,0,"Yes, and I've done it"
4/24/2024 11:11:17,18 - 24 years old,Female,"Instagram, YouTube",1,0,1,0,0,1 - 2 Hr,Evening,Neutral,None,0,0,0,0,0,1,None,0,0,0,0,0,1,I'd prefer to use it slightly less than I do.,I am generally content and happy much of the time.,0,0,0,"No, never"
4/24/2024 11:13:59,18 - 24 years old,Male,"Instagram, YouTube",1,0,1,0,0,1 - 2 Hr,Evening,Neutral,YouTube,0,0,1,0,0,0,None,0,0,0,0,0,1,I'd prefer to use it slightly less than I do.,I struggle to focus for extended periods of time.,1,0,0,"Yes, and I've done it"
4/24/2024 11:18:10,18 - 24 years old,Male,"Instagram, YouTube",1,0,1,0,0,1 - 2 Hr,Evening,Slightly Positive,YouTube,0,0,1,0,0,0,"TikTok, Twitter/X",0,1,0,0,1,0,I'd prefer to use it a lot less than I do.,"I struggle to focus for extended periods of time., I feel anxious and overwhelmed often., I feel sad and hopeless often., I am generally content and happy much of the time.",1,1,1,"Yes, and I've done it"
4/24/2024 11:21:50,18 - 24 years old,Male,Instagram,1,0,0,0,0,1 - 2 Hr,Evening,Slightly Positive,Instagram,1,0,0,0,0,0,Reddit,0,0,0,1,0,0,I'd prefer to use it slightly less than I do.,I am generally content and happy much of the time.,0,0,0,"No, never"
4/24/2024 11:26:32,18 - 24 years old,Male,"Instagram, YouTube, Reddit",1,0,1,1,0,1 - 2 Hr,Evening,Slightly Negative,"Instagram, YouTube",1,0,1,0,0,0,"TikTok, Reddit",0,1,0,1,0,0,I'd prefer to use it slightly less than I do.,"I struggle to focus for extended periods of time., I feel anxious and overwhelmed often., I feel sad and hopeless often.",1,1,1,"Yes, but I haven't done it"
4/24/2024 11:32:55,25 - 34 years old,Female,"Instagram, Twitter/X, YouTube",1,0,1,0,1,1 - 2 Hr,Evening,Slightly Negative,YouTube,0,0,1,0,0,0,"Instagram, TikTok, Twitter/X",1,1,0,0,1,0,I'd prefer to use it a lot less than I do.,"I struggle to focus for extended periods of time., I feel anxious and overwhelmed often.",1,0,1,"Yes, and I've done it"
4/24/2024 11:40:45,18 - 24 years old,Female,Instagram,1,0,0,0,0,1 - 2 Hr,Evening,Slightly Positive,Instagram,1,0,0,0,0,0,Instagram,1,0,0,0,0,0,I'd prefer to use it slightly less than I do.,I am generally content and happy much of the time.,0,0,0,"Yes, and I've done it"
4/24/2024 11:42:14,25 - 34 years old,Female,"Instagram, YouTube, Reddit",1,0,1,1,0,1 - 2 Hr,Morning,Very Negative,"YouTube, Reddit",0,0,1,1,0,0,Instagram,1,0,0,0,0,0,I'd prefer to use it a lot less than I do.,I struggle to focus for extended periods of time.,1,0,0,"Yes, but I haven't done it"
4/24/2024 11:49:03,18 - 24 years old,Male,"Instagram, Twitter/X",1,0,0,0,1,1 - 2 Hr,Evening,Very Negative,None,0,0,0,0,0,1,"Instagram, TikTok, Twitter/X",1,1,0,0,1,0,I'd prefer to use it a lot less than I do.,"I struggle to focus for extended periods of time., I feel anxious and overwhelmed often., I am generally content and happy much of the time.",1,0,1,"Yes, but I haven't done it"
4/24/2024 12:10:31,25 - 34 years old,Female,"TikTok, YouTube, Reddit",0,1,1,1,0,1 - 2 Hr,Evening,Slightly Positive,"YouTube, Reddit",0,0,1,1,0,0,Instagram,1,0,0,0,0,0,I am okay with it.,I struggle to focus for extended periods of time.,1,0,0,"Yes, but I haven't done it"
4/24/2024 12:16:04,18 - 24 years old,Male,YouTube,0,0,1,0,0,1 - 2 Hr,Evening,Slightly Negative,"YouTube, Twitter/X",0,0,1,0,1,0,YouTube,0,0,1,0,0,0,I'd prefer to use it slightly less than I do.,I am generally content and happy much of the time.,0,0,0,"Yes, but I haven't done it"
4/24/2024 12:20:50,18 - 24 years old,Female,"Instagram, YouTube",1,0,1,0,0,1 - 2 Hr,Evening,Slightly Negative,None,0,0,0,0,0,1,Instagram,1,0,0,0,0,0,I'd prefer to use it a lot less than I do.,"I struggle to focus for extended periods of time., I am generally content and happy much of the time.",1,0,0,"Yes, but I haven't done it"
4/24/2024 12:22:17,18 - 24 years old,Female,YouTube,0,0,1,0,0,1 - 2 Hr,Evening,Slightly Negative,None,0,0,0,0,0,1,YouTube,0,0,1,0,0,0,I'd prefer to use it slightly less than I do.,"I struggle to focus for extended periods of time., I am generally content and happy much of the time.",1,0,0,"Yes, and I've done it"
4/24/2024 12:24:30,25 - 34 years old,Female,"Instagram, TikTok, Twitter/X, YouTube",1,1,1,0,1,1 - 2 Hr,Afternoon,Slightly Negative,None,0,0,0,0,0,1,"Instagram, TikTok, YouTube, Twitter/X",1,1,1,0,1,0,I'd prefer to use it a lot less than I do.,"I struggle to focus for extended periods of time., I feel anxious and overwhelmed often., I am generally content and happy much of the time.",1,0,1,"Yes, but I haven't done it"
4/24/2024 12:30:00,18 - 24 years old,Female,"Instagram, TikTok, Twitter/X, YouTube",1,1,1,0,1,1 - 2 Hr,Evening,Neutral,YouTube,0,0,1,0,0,0,Instagram,1,0,0,0,0,0,I am okay with it.,I feel anxious and overwhelmed often.,0,0,1,"Yes, but I haven't done it"
4/24/2024 12:35:33,18 - 24 years old,Female,"Instagram, TikTok, YouTube",1,1,1,0,0,1 - 2 Hr,Morning,Very Negative,YouTube,0,0,1,0,0,0,TikTok,0,1,0,0,0,0,I'd prefer to use it a lot less than I do.,"I feel anxious and overwhelmed often., I feel sad and hopeless often.",0,1,1,"Yes, but I haven't done it"
4/24/2024 12:38:55,18 - 24 years old,Non-Binary,"Instagram, TikTok, YouTube",1,1,1,0,0,1 - 2 Hr,Morning,Slightly Positive,"TikTok, YouTube",0,1,1,0,0,0,Twitter/X,0,0,0,0,1,0,I'd prefer to use it slightly less than I do.,"I struggle to focus for extended periods of time., I feel anxious and overwhelmed often.",1,0,1,"No, never"
4/24/2024 12:47:12,18 - 24 years old,Female,"Instagram, TikTok",1,1,0,0,0,1 - 2 Hr,Evening,Slightly Negative,None,0,0,0,0,0,1,Instagram,1,0,0,0,0,0,I'd prefer to use it slightly less than I do.,I feel anxious and overwhelmed often.,0,0,1,"Yes, and I've done it"
4/24/2024 12:47:47,25 - 34 years old,Female,"Instagram, Twitter/X, YouTube",1,0,1,0,1,1 - 2 Hr,Evening,Neutral,None,0,0,0,0,0,1,None,0,0,0,0,0,1,I am okay with it.,I am generally content and happy much of the time.,0,0,0,"Yes, and I've done it"
4/24/2024 12:58:27,18 - 24 years old,Female,"Instagram, TikTok, YouTube",1,1,1,0,0,1 - 2 Hr,Evening,Slightly Positive,"Instagram, TikTok, YouTube",1,1,1,0,0,0,Instagram,1,0,0,0,0,0,I'd prefer to use it slightly less than I do.,"I feel anxious and overwhelmed often., I am generally content and happy much of the time.",0,0,1,"Yes, but I haven't done it"
4/24/2024 13:02:03,45 - 54 years old,Female,Instagram,1,0,0,0,0,1 - 2 Hr,Morning,Slightly Positive,Instagram,1,0,0,0,0,0,None,0,0,0,0,0,1,I am okay with it.,I am generally content and happy much of the time.,0,0,0,"No, never"
4/24/2024 13:18:01,18 - 24 years old,Female,"Instagram, YouTube",1,0,1,0,0,1 - 2 Hr,Evening,Very Negative,None,0,0,0,0,0,1,Instagram,1,0,0,0,0,0,I'd prefer to use it a lot less than I do.,"I struggle to focus for extended periods of time., I feel anxious and overwhelmed often.",1,0,1,"Yes, and I've done it"
4/24/2024 13:19:56,55 - 64 years old,Female,Instagram,1,0,0,0,0,1 - 2 Hr,Evening,Slightly Positive,None,0,0,0,0,0,1,None,0,0,0,0,0,1,I'd prefer to use it a lot less than I do.,I am generally content and happy much of the time.,0,0,0,"No, never"
4/24/2024 13:37:43,18 - 24 years old,Male,"Instagram, TikTok, Reddit",1,1,0,1,0,1 - 2 Hr,Evening,Neutral,"TikTok, Reddit",0,1,0,1,0,0,None,0,0,0,0,0,1,I am okay with it.,"I struggle to focus for extended periods of time., I am generally content and happy much of the time.",1,0,0,"No, never"
4/24/2024 13:41:44,18 - 24 years old,Female,"Instagram, YouTube, Reddit",1,0,1,1,0,1 - 2 Hr,Morning,Slightly Negative,None,0,0,0,0,0,1,TikTok,0,1,0,0,0,0,I'd prefer to use it a lot less than I do.,I am generally content and happy much of the time.,0,0,0,"Yes, and I've done it"
4/24/2024 13:53:28,18 - 24 years old,Female,"Instagram, TikTok",1,1,0,0,0,1 - 2 Hr,Evening,Slightly Negative,TikTok,0,1,0,0,0,0,Instagram,1,0,0,0,0,0,I'd prefer to use it slightly less than I do.,"I feel anxious and overwhelmed often., I am generally content and happy much of the time.",0,0,1,"Yes, and I've done it"
4/24/2024 13:58:34,18 - 24 years old,Female,Instagram,1,0,0,0,0,1 - 2 Hr,Evening,Slightly Positive,Instagram,1,0,0,0,0,0,TikTok,0,1,0,0,0,0,I'd prefer to use it slightly less than I do.,"I struggle to focus for extended periods of time., I feel anxious and overwhelmed often., I am generally content and happy much of the time.",1,0,1,"Yes, and I've done it"
4/24/2024 14:08:50,18 - 24 years old,Male,"YouTube, Reddit",0,0,1,1,0,1 - 2 Hr,Evening,Slightly Negative,None,0,0,0,0,0,1,"Instagram, TikTok, YouTube, Twitter/X",1,1,1,0,1,0,I'd prefer to use it slightly less than I do.,I am generally content and happy much of the time.,0,0,0,"Yes, and I've done it"
4/24/2024 14:20:18,18 - 24 years old,Female,"Instagram, Reddit",1,0,0,1,0,1 - 2 Hr,Evening,Neutral,None,0,0,0,0,0,1,None,0,0,0,0,0,1,I'd prefer to use it slightly less than I do.,I struggle to focus for extended periods of time.,1,0,0,"Yes, and I've done it"
4/24/2024 14:23:21,18 - 24 years old,Female,"Instagram, TikTok, Twitter/X",1,1,0,0,1,1 - 2 Hr,Evening,Slightly Negative,"TikTok, Twitter/X",0,1,0,0,1,0,Instagram,1,0,0,0,0,0,I'd prefer to use it slightly less than I do.,I am generally content and happy much of the time.,0,0,0,"Yes, and I've done it"
4/24/2024 14:48:07,18 - 24 years old,Male,"Instagram, YouTube",1,0,1,0,0,1 - 2 Hr,Evening,Very Negative,None,0,0,0,0,0,1,"Instagram, TikTok, YouTube, Reddit",1,1,1,1,0,0,I'd prefer to use it a lot less than I do.,"I struggle to focus for extended periods of time., I feel anxious and overwhelmed often., I feel sad and hopeless often., I am generally content and happy much of the time.",1,1,1,"Yes, and I've done it"
4/24/2024 16:20:21,55 - 64 years old,Female,"Instagram, Twitter/X, YouTube, Reddit",1,0,1,1,1,1 - 2 Hr,Evening,Neutral,"Instagram, Twitter/X, Reddit",1,0,0,1,1,0,None,0,0,0,0,0,1,I am okay with it.,I am generally content and happy much of the time.,0,0,0,"No, never"
4/24/2024 16:36:04,18 - 24 years old,Male,"Instagram, YouTube",1,0,1,0,0,1 - 2 Hr,Evening,Slightly Negative,YouTube,0,0,1,0,0,0,"Instagram, TikTok, Twitter/X",1,1,0,0,1,0,I am okay with it.,"I struggle to focus for extended periods of time., I am generally content and happy much of the time.",1,0,0,"Yes, and I've done it"
4/24/2024 17:58:38,18 - 24 years old,Female,"Instagram, YouTube",1,0,1,0,0,1 - 2 Hr,Evening,Neutral,YouTube,0,0,1,0,0,0,Instagram,1,0,0,0,0,0,I'd prefer to use it slightly less than I do.,"I struggle to focus for extended periods of time., I feel anxious and overwhelmed often., I feel sad and hopeless often.",1,1,1,"Yes, but I haven't done it"
4/24/2024 18:08:54,18 - 24 years old,Male,"Instagram, Twitter/X, YouTube",1,0,1,0,1,1 - 2 Hr,Evening,Slightly Negative,YouTube,0,0,1,0,0,0,"Instagram, TikTok, Twitter/X, Reddit",1,1,0,1,1,0,I'd prefer to use it a lot less than I do.,"I struggle to focus for extended periods of time., I feel anxious and overwhelmed often., I feel sad and hopeless often.",1,1,1,"Yes, and I've done it"
4/24/2024 20:01:26,35 - 44 years old,Male,YouTube,0,0,1,0,0,1 - 2 Hr,Evening,Slightly Negative,None,0,0,0,0,0,1,"Instagram, TikTok, YouTube, Twitter/X, Reddit, Option 7",1,1,1,1,1,0,I'd prefer to use it a lot less than I do.,I feel anxious and overwhelmed often.,0,0,1,"Yes, but I haven't done it"
4/24/2024 20:19:28,18 - 24 years old,Female,"Instagram, YouTube",1,0,1,0,0,1 - 2 Hr,Evening,Neutral,YouTube,0,0,1,0,0,0,"Instagram, TikTok, Twitter/X, Reddit",1,1,0,1,1,0,I am okay with it.,I am generally content and happy much of the time.,0,0,0,"Yes, but I haven't done it"
4/24/2024 21:19:49,35 - 44 years old,Female,"Instagram, YouTube",1,0,1,0,0,1 - 2 Hr,Evening,Slightly Negative,YouTube,0,0,1,0,0,0,None,0,0,0,0,0,1,I'd prefer to use it slightly less than I do.,"I struggle to focus for extended periods of time., I feel anxious and overwhelmed often.",1,0,1,"Yes, and I've done it"
4/24/2024 22:39:03,18 - 24 years old,Female,"Instagram, TikTok, Twitter/X",1,1,0,0,1,1 - 2 Hr,Evening,Neutral,YouTube,0,0,1,0,0,0,Twitter/X,0,0,0,0,1,0,I am okay with it.,"I struggle to focus for extended periods of time., I feel anxious and overwhelmed often., I am generally content and happy much of the time.",1,0,1,"Yes, and I've done it"
4/24/2024 23:48:35,18 - 24 years old,Female,"Instagram, TikTok, YouTube",1,1,1,0,0,1 - 2 Hr,Evening,Neutral,"TikTok, YouTube",0,1,1,0,0,0,Instagram,1,0,0,0,0,0,I am okay with it.,I feel anxious and overwhelmed often.,0,0,1,"Yes, and I've done it"
4/25/2024 5:58:20,25 - 34 years old,Female,"Instagram, YouTube",1,0,1,0,0,1 - 2 Hr,Evening,Slightly Negative,None,0,0,0,0,0,1,Instagram,1,0,0,0,0,0,I'd prefer to use it a lot less than I do.,I struggle to focus for extended periods of time.,1,0,0,"Yes, and I've done it"
4/25/2024 8:20:53,18 - 24 years old,Female,"Instagram, YouTube",1,0,1,0,0,1 - 2 Hr,Evening,Slightly Negative,None,0,0,0,0,0,1,"Instagram, YouTube",1,0,1,0,0,0,I'd prefer to use it a lot less than I do.,"I struggle to focus for extended periods of time., I feel anxious and overwhelmed often.",1,0,1,"Yes, and I've done it"
4/25/2024 8:49:21,18 - 24 years old,Male,"Instagram, Twitter/X, YouTube, Reddit",1,0,1,1,1,1 - 2 Hr,Morning,Very Negative,"YouTube, Reddit",0,0,1,1,0,0,"Instagram, Twitter/X",1,0,0,0,1,0,I'd prefer to use it a lot less than I do.,I feel anxious and overwhelmed often.,0,0,1,"Yes, but I haven't done it"
4/25/2024 12:16:26,18 - 24 years old,Female,Instagram,1,0,0,0,0,1 - 2 Hr,Evening,Slightly Negative,Instagram,1,0,0,0,0,0,Instagram,1,0,0,0,0,0,I'd prefer to use it slightly less than I do.,"I struggle to focus for extended periods of time., I feel anxious and overwhelmed often.",1,0,1,"Yes, and I've done it"
4/25/2024 13:47:15,18 - 24 years old,Male,"Instagram, YouTube",1,0,1,0,0,1 - 2 Hr,Evening,Very Negative,YouTube,0,0,1,0,0,0,"Instagram, YouTube",1,0,1,0,0,0,I'd prefer to use it slightly less than I do.,I am generally content and happy much of the time.,0,0,0,"Yes, and I've done it"
4/25/2024 16:38:48,18 - 24 years old,Male,"YouTube, Reddit",0,0,1,1,0,1 - 2 Hr,Evening,Slightly Negative,"YouTube, Reddit",0,0,1,1,0,0,YouTube,0,0,1,0,0,0,I'd prefer to use it slightly less than I do.,"I feel anxious and overwhelmed often., I am generally content and happy much of the time.",0,0,1,"Yes, and I've done it"
4/25/2024 17:45:20,25 - 34 years old,Male,"Instagram, Twitter/X, YouTube, Reddit",1,0,1,1,1,1 - 2 Hr,Afternoon,Slightly Negative,YouTube,0,0,1,0,0,0,"Instagram, Twitter/X",1,0,0,0,1,0,I'd prefer to use it slightly less than I do.,"I struggle to focus for extended periods of time., I am generally content and happy much of the time.",1,0,0,"Yes, and I've done it"
4/24/2024 10:39:28,18 - 24 years old,Female,"Instagram, TikTok",1,1,0,0,0,3 - 4 Hr,Evening,Neutral,"Instagram, TikTok",1,1,0,0,0,0,None,0,0,0,0,0,1,I'd prefer to use it slightly less than I do.,"I struggle to focus for extended periods of time., I am generally content and happy much of the time.",1,0,0,"No, never"
4/24/2024 10:40:25,25 - 34 years old,Male,"Instagram, TikTok, Twitter/X, YouTube",1,1,1,0,1,3 - 4 Hr,Evening,Neutral,Instagram,1,0,0,0,0,0,Twitter/X,0,0,0,0,1,0,I'd prefer to use it slightly less than I do.,"I struggle to focus for extended periods of time., I am generally content and happy much of the time.",1,0,0,"Yes, and I've done it"
4/24/2024 10:47:20,18 - 24 years old,Female,"Instagram, TikTok, Twitter/X, YouTube",1,1,1,0,1,3 - 4 Hr,Evening,Neutral,"Instagram, YouTube",1,0,1,0,0,0,"TikTok, Twitter/X",0,1,0,0,1,0,I am okay with it.,"I struggle to focus for extended periods of time., I feel anxious and overwhelmed often., I am generally content and happy much of the time.",1,0,1,"Yes, but I haven't done it"
4/24/2024 10:50:31,18 - 24 years old,Male,"Instagram, TikTok, YouTube",1,1,1,0,0,3 - 4 Hr,Evening,Slightly Positive,"Instagram, YouTube",1,0,1,0,0,0,"Instagram, TikTok",1,1,0,0,0,0,I'd prefer to use it slightly less than I do.,I struggle to focus for extended periods of time.,1,0,0,"Yes, but I haven't done it"
4/24/2024 10:52:53,18 - 24 years old,Female,"Instagram, Twitter/X, YouTube",1,0,1,0,1,3 - 4 Hr,Evening,Slightly Negative,YouTube,0,0,1,0,0,0,Instagram,1,0,0,0,0,0,I'd prefer to use it a lot less than I do.,"I struggle to focus for extended periods of time., I feel anxious and overwhelmed often., I am generally content and happy much of the time.",1,0,1,"Yes, and I've done it"
4/24/2024 10:54:13,18 - 24 years old,Female,"Instagram, YouTube",1,0,1,0,0,3 - 4 Hr,Evening,Neutral,Instagram,1,0,0,0,0,0,TikTok,0,1,0,0,0,0,I'd prefer to use it slightly less than I do.,I struggle to focus for extended periods of time.,1,0,0,"Yes, and I've done it"
4/24/2024 11:05:44,18 - 24 years old,Female,"Instagram, TikTok, YouTube, Reddit",1,1,1,1,0,3 - 4 Hr,Evening,Slightly Negative,YouTube,0,0,1,0,0,0,"Instagram, TikTok, Reddit, Option 7",1,1,0,1,0,0,I'd prefer to use it a lot less than I do.,"I struggle to focus for extended periods of time., I feel anxious and overwhelmed often.",1,0,1,"Yes, and I've done it"
4/24/2024 11:08:56,18 - 24 years old,Male,"Instagram, TikTok, YouTube",1,1,1,0,0,3 - 4 Hr,Morning,Slightly Negative,YouTube,0,0,1,0,0,0,TikTok,0,1,0,0,0,0,I'd prefer to use it a lot less than I do.,I feel sad and hopeless often.,0,1,0,"Yes, and I've done it"
4/24/2024 11:23:27,18 - 24 years old,Male,"Instagram, YouTube, Reddit",1,0,1,1,0,3 - 4 Hr,Evening,Neutral,YouTube,0,0,1,0,0,0,Instagram,1,0,0,0,0,0,I'd prefer to use it slightly less than I do.,"I struggle to focus for extended periods of time., I feel anxious and overwhelmed often.",1,0,1,"Yes, and I've done it"
4/24/2024 11:23:33,18 - 24 years old,Female,"Instagram, TikTok, YouTube",1,1,1,0,0,3 - 4 Hr,Afternoon,Neutral,"Instagram, TikTok, YouTube",1,1,1,0,0,0,None,0,0,0,0,0,1,I am okay with it.,I am generally content and happy much of the time.,0,0,0,"No, never"
4/24/2024 11:35:25,18 - 24 years old,Female,"Instagram, TikTok",1,1,0,0,0,3 - 4 Hr,Evening,Slightly Positive,TikTok,0,1,0,0,0,0,Instagram,1,0,0,0,0,0,I'd prefer to use it a lot less than I do.,"I struggle to focus for extended periods of time., I feel anxious and overwhelmed often., I am generally content and happy much of the time.",1,0,1,"No, never"
4/24/2024 11:45:52,18 - 24 years old,Female,"Instagram, TikTok, Twitter/X, YouTube, Reddit",1,1,1,1,1,3 - 4 Hr,Evening,Slightly Negative,YouTube,0,0,1,0,0,0,"TikTok, Reddit",0,1,0,1,0,0,I'd prefer to use it a lot less than I do.,"I struggle to focus for extended periods of time., I am generally content and happy much of the time.",1,0,0,"Yes, and I've done it"
4/24/2024 11:51:17,18 - 24 years old,Male,"Instagram, TikTok, Twitter/X",1,1,0,0,1,3 - 4 Hr,Afternoon,Slightly Negative,Twitter/X,0,0,0,0,1,0,TikTok,0,1,0,0,0,0,I'd prefer to use it a lot less than I do.,"I struggle to focus for extended periods of time., I am generally content and happy much of the time.",1,0,0,"Yes, but I haven't done it"
4/24/2024 12:02:05,18 - 24 years old,Female,"Instagram, TikTok, YouTube",1,1,1,0,0,3 - 4 Hr,Morning,Slightly Negative,YouTube,0,0,1,0,0,0,TikTok,0,1,0,0,0,0,I'd prefer to use it a lot less than I do.,I struggle to focus for extended periods of time.,1,0,0,"Yes, and I've done it"
4/24/2024 12:12:00,18 - 24 years old,Female,"Instagram, TikTok",1,1,0,0,0,3 - 4 Hr,Evening,Slightly Positive,TikTok,0,1,0,0,0,0,Instagram,1,0,0,0,0,0,I'd prefer to use it slightly less than I do.,"I struggle to focus for extended periods of time., I feel anxious and overwhelmed often., I feel sad and hopeless often.",1,1,1,"Yes, and I've done it"
4/24/2024 12:16:44,18 - 24 years old,Male,"Instagram, TikTok, Twitter/X, YouTube, Reddit",1,1,1,1,1,3 - 4 Hr,Evening,Neutral,"Instagram, YouTube",1,0,1,0,0,0,"TikTok, Twitter/X, Reddit",0,1,0,1,1,0,I'd prefer to use it slightly less than I do.,"I struggle to focus for extended periods of time., I feel anxious and overwhelmed often.",1,0,1,"Yes, and I've done it"
4/24/2024 12:33:13,18 - 24 years old,Female,"Instagram, YouTube, Reddit",1,0,1,1,0,3 - 4 Hr,Evening,Neutral,YouTube,0,0,1,0,0,0,"Instagram, Twitter/X, Reddit",1,0,0,1,1,0,I'd prefer to use it a lot less than I do.,"I struggle to focus for extended periods of time., I feel anxious and overwhelmed often., I am generally content and happy much of the time.",1,0,1,"Yes, but I haven't done it"
4/24/2024 12:35:44,18 - 24 years old,Male,"Instagram, TikTok, Twitter/X, YouTube, Reddit",1,1,1,1,1,3 - 4 Hr,Evening,Neutral,"TikTok, YouTube",0,1,1,0,0,0,None,0,0,0,0,0,1,I'd prefer to use it a lot less than I do.,"I struggle to focus for extended periods of time., I am generally content and happy much of the time.",1,0,0,"No, never"
4/24/2024 12:41:11,18 - 24 years old,Female,Instagram,1,0,0,0,0,3 - 4 Hr,Evening,Slightly Negative,None,0,0,0,0,0,1,Instagram,1,0,0,0,0,0,I'd prefer to use it a lot less than I do.,"I struggle to focus for extended periods of time., I feel anxious and overwhelmed often.",1,0,1,"Yes, and I've done it"
4/24/2024 12:57:22,18 - 24 years old,Male,YouTube,0,0,1,0,0,3 - 4 Hr,Afternoon,Slightly Negative,None,0,0,0,0,0,1,YouTube,0,0,1,0,0,0,I'd prefer to use it a lot less than I do.,"I struggle to focus for extended periods of time., I feel anxious and overwhelmed often.",1,0,1,"Yes, and I've done it"
4/24/2024 12:59:32,18 - 24 years old,Female,"Instagram, TikTok, YouTube, Reddit",1,1,1,1,0,3 - 4 Hr,Evening,Slightly Negative,YouTube,0,0,1,0,0,0,"Instagram, TikTok, Reddit",1,1,0,1,0,0,I'd prefer to use it a lot less than I do.,I struggle to focus for extended periods of time.,1,0,0,"Yes, but I haven't done it"
4/24/2024 13:06:05,25 - 34 years old,Female,"Instagram, TikTok, YouTube, Reddit",1,1,1,1,0,3 - 4 Hr,Evening,Slightly Positive,"TikTok, YouTube",0,1,1,0,0,0,"Instagram, Reddit",1,0,0,1,0,0,I'd prefer to use it slightly less than I do.,"I struggle to focus for extended periods of time., I feel anxious and overwhelmed often., I feel sad and hopeless often., I am generally content and happy much of the time.",1,1,1,"No, never"
4/24/2024 13:18:47,18 - 24 years old,Female,"Instagram, TikTok, YouTube",1,1,1,0,0,3 - 4 Hr,Evening,Slightly Negative,YouTube,0,0,1,0,0,0,"Instagram, TikTok",1,1,0,0,0,0,I'd prefer to use it slightly less than I do.,"I struggle to focus for extended periods of time., I feel anxious and overwhelmed often.",1,0,1,"Yes, but I haven't done it"
4/24/2024 13:25:17,18 - 24 years old,Male,"Instagram, Twitter/X",1,0,0,0,1,3 - 4 Hr,Afternoon,Slightly Negative,None,0,0,0,0,0,1,Twitter/X,0,0,0,0,1,0,I'd prefer to use it a lot less than I do.,"I feel anxious and overwhelmed often., I feel sad and hopeless often.",0,1,1,"Yes, and I've done it"
4/24/2024 13:34:02,18 - 24 years old,Female,"Instagram, TikTok, YouTube",1,1,1,0,0,3 - 4 Hr,Evening,Slightly Negative,"Instagram, TikTok",1,1,0,0,0,0,"Instagram, TikTok",1,1,0,0,0,0,I'd prefer to use it a lot less than I do.,"I struggle to focus for extended periods of time., I feel anxious and overwhelmed often.",1,0,1,"Yes, but I haven't done it"
4/24/2024 14:26:54,18 - 24 years old,Female,Instagram,1,0,0,0,0,3 - 4 Hr,Evening,Slightly Negative,None,0,0,0,0,0,1,"Instagram, TikTok",1,1,0,0,0,0,I'd prefer to use it slightly less than I do.,"I struggle to focus for extended periods of time., I am generally content and happy much of the time.",1,0,0,"Yes, but I haven't done it"
4/24/2024 14:35:06,18 - 24 years old,Female,"Instagram, TikTok, Reddit",1,1,0,1,0,3 - 4 Hr,Evening,Slightly Positive,"Instagram, TikTok",1,1,0,0,0,0,Reddit,0,0,0,1,0,0,I'd prefer to use it a lot less than I do.,"I struggle to focus for extended periods of time., I feel anxious and overwhelmed often., I feel sad and hopeless often.",1,1,1,"No, never"
4/24/2024 14:41:23,18 - 24 years old,Male,"Instagram, YouTube",1,0,1,0,0,3 - 4 Hr,Afternoon,Neutral,,0,0,0,0,0,0,,0,0,0,0,0,0,I'd prefer to use it a lot less than I do.,I struggle to focus for extended periods of time.,1,0,0,"Yes, and I've done it"
4/24/2024 14:41:47,25 - 34 years old,Female,"Instagram, YouTube, Reddit",1,0,1,1,0,3 - 4 Hr,Afternoon,Slightly Negative,YouTube,0,0,1,0,0,0,Instagram,1,0,0,0,0,0,I'd prefer to use it a lot less than I do.,I am generally content and happy much of the time.,0,0,0,"No, never"
4/24/2024 14:48:38,18 - 24 years old,Male,"Instagram, TikTok, Twitter/X, YouTube, Reddit",1,1,1,1,1,3 - 4 Hr,Morning,Slightly Positive,"Instagram, YouTube, Reddit",1,0,1,1,0,0,"TikTok, Twitter/X",0,1,0,0,1,0,I'd prefer to use it slightly less than I do.,I am generally content and happy much of the time.,0,0,0,"No, never"
4/24/2024 14:58:10,18 - 24 years old,Female,"Instagram, TikTok",1,1,0,0,0,3 - 4 Hr,Evening,Slightly Positive,"Instagram, TikTok",1,1,0,0,0,0,TikTok,0,1,0,0,0,0,I'd prefer to use it a lot less than I do.,"I struggle to focus for extended periods of time., I am generally content and happy much of the time.",1,0,0,"Yes, and I've done it"
4/24/2024 15:51:49,18 - 24 years old,Male,"Instagram, TikTok, YouTube, Reddit",1,1,1,1,0,3 - 4 Hr,Evening,Slightly Negative,YouTube,0,0,1,0,0,0,"Instagram, TikTok, Twitter/X, Reddit",1,1,0,1,1,0,I'd prefer to use it a lot less than I do.,"I struggle to focus for extended periods of time., I feel anxious and overwhelmed often.",1,0,1,"Yes, but I haven't done it"
4/24/2024 16:57:18,18 - 24 years old,Female,"Instagram, TikTok, YouTube",1,1,1,0,0,3 - 4 Hr,Evening,Slightly Negative,"TikTok, YouTube",0,1,1,0,0,0,"Instagram, TikTok",1,1,0,0,0,0,I'd prefer to use it a lot less than I do.,I feel anxious and overwhelmed often.,0,0,1,"Yes, but I haven't done it"
4/24/2024 17:07:01,25 - 34 years old,Male,"YouTube, Reddit",0,0,1,1,0,3 - 4 Hr,Evening,Very Negative,YouTube,0,0,1,0,0,0,Reddit,0,0,0,1,0,0,I'd prefer to use it slightly less than I do.,"I struggle to focus for extended periods of time., I feel anxious and overwhelmed often., I feel sad and hopeless often.",1,1,1,"Yes, but I haven't done it"
4/24/2024 18:25:53,18 - 24 years old,Female,"Instagram, TikTok",1,1,0,0,0,3 - 4 Hr,Evening,Neutral,TikTok,0,1,0,0,0,0,None,0,0,0,0,0,1,I'd prefer to use it slightly less than I do.,I am generally content and happy much of the time.,0,0,0,"No, never"
4/24/2024 18:30:34,18 - 24 years old,Female,"Instagram, YouTube",1,0,1,0,0,3 - 4 Hr,Morning,Very Negative,YouTube,0,0,1,0,0,0,Instagram,1,0,0,0,0,0,I'd prefer to use it a lot less than I do.,"I struggle to focus for extended periods of time., I feel sad and hopeless often.",1,1,0,"Yes, and I've done it"
4/24/2024 18:30:58,18 - 24 years old,Male,"Instagram, YouTube, Reddit",1,0,1,1,0,3 - 4 Hr,Evening,Slightly Positive,YouTube,0,0,1,0,0,0,,0,0,0,0,0,0,I'd prefer to use it slightly less than I do.,"I feel anxious and overwhelmed often., I feel sad and hopeless often., I am generally content and happy much of the time.",0,1,1,"Yes, but I haven't done it"
4/24/2024 18:47:59,18 - 24 years old,Female,"Instagram, TikTok, Twitter/X, YouTube, Reddit",1,1,1,1,1,3 - 4 Hr,Evening,Slightly Negative,None,0,0,0,0,0,1,"Instagram, TikTok",1,1,0,0,0,0,I'd prefer to use it a lot less than I do.,"I struggle to focus for extended periods of time., I feel sad and hopeless often., I am generally content and happy much of the time.",1,1,0,"Yes, but I haven't done it"
4/24/2024 19:18:50,18 - 24 years old,Female,"Instagram, YouTube, Reddit",1,0,1,1,0,3 - 4 Hr,Evening,Slightly Negative,"YouTube, Reddit",0,0,1,1,0,0,Instagram,1,0,0,0,0,0,I'd prefer to use it a lot less than I do.,"I struggle to focus for extended periods of time., I feel anxious and overwhelmed often.",1,0,1,"Yes, and I've done it"
4/24/2024 20:26:10,18 - 24 years old,Female,"Instagram, TikTok, YouTube, Reddit",1,1,1,1,0,3 - 4 Hr,Evening,Slightly Negative,"TikTok, YouTube",0,1,1,0,0,0,"Instagram, TikTok, Option 7",1,1,0,0,0,0,I'd prefer to use it a lot less than I do.,"I struggle to focus for extended periods of time., I am generally content and happy much of the time.",1,0,0,"Yes, but I haven't done it"
4/24/2024 21:16:35,25 - 34 years old,Male,"Instagram, YouTube",1,0,1,0,0,3 - 4 Hr,Evening,Slightly Positive,"Instagram, YouTube, Reddit",1,0,1,1,0,0,Twitter/X,0,0,0,0,1,0,I'd prefer to use it slightly less than I do.,"I struggle to focus for extended periods of time., I am generally content and happy much of the time.",1,0,0,"No, never"
4/24/2024 21:44:03,35 - 44 years old,Female,"Instagram, TikTok, Twitter/X, YouTube",1,1,1,0,1,3 - 4 Hr,Evening,Neutral,None,0,0,0,0,0,1,"Instagram, YouTube, Twitter/X",1,0,1,0,1,0,I'd prefer to use it a lot less than I do.,I feel anxious and overwhelmed often.,0,0,1,"Yes, but I haven't done it"
4/25/2024 0:19:29,18 - 24 years old,Female,"Instagram, TikTok, YouTube, Reddit",1,1,1,1,0,3 - 4 Hr,Evening,Slightly Negative,"Instagram, Reddit",1,0,0,1,0,0,"TikTok, YouTube",0,1,1,0,0,0,I'd prefer to use it slightly less than I do.,"I struggle to focus for extended periods of time., I am generally content and happy much of the time.",1,0,0,"Yes, but I haven't done it"
4/25/2024 0:36:23,18 - 24 years old,Male,"Instagram, TikTok, Twitter/X, YouTube",1,1,1,0,1,3 - 4 Hr,Evening,Slightly Negative,TikTok,0,1,0,0,0,0,Twitter/X,0,0,0,0,1,0,I'd prefer to use it slightly less than I do.,I feel sad and hopeless often.,0,1,0,"Yes, but I haven't done it"
4/24/2024 11:50:49,18 - 24 years old,Male,"Instagram, YouTube, Reddit",1,0,1,1,0,4 - 5 Hr,Evening,Very Negative,Instagram,1,0,0,0,0,0,"YouTube, Reddit",0,0,1,1,0,0,I'd prefer to use it a lot less than I do.,I struggle to focus for extended periods of time.,1,0,0,"Yes, but I haven't done it"
4/24/2024 13:16:41,18 - 24 years old,Male,"TikTok, Twitter/X, YouTube",0,1,1,0,1,4 - 5 Hr,Evening,Slightly Negative,None,0,0,0,0,0,1,"TikTok, YouTube, Twitter/X",0,1,1,0,1,0,I'd prefer to use it a lot less than I do.,I feel anxious and overwhelmed often.,0,0,1,"Yes, but I haven't done it"
4/24/2024 13:32:37,18 - 24 years old,Female,"Instagram, TikTok, Twitter/X, YouTube",1,1,1,0,1,4 - 5 Hr,Evening,Slightly Positive,"TikTok, Twitter/X",0,1,0,0,1,0,None,0,0,0,0,0,1,I'd prefer to use it a lot less than I do.,"I struggle to focus for extended periods of time., I am generally content and happy much of the time.",1,0,0,"No, never"
4/24/2024 16:01:12,18 - 24 years old,Female,"Instagram, TikTok, YouTube, Reddit",1,1,1,1,0,4 - 5 Hr,Afternoon,Slightly Negative,"Instagram, YouTube",1,0,1,0,0,0,"TikTok, Reddit",0,1,0,1,0,0,I'd prefer to use it a lot less than I do.,"I struggle to focus for extended periods of time., I am generally content and happy much of the time.",1,0,0,"Yes, but I haven't done it"
4/24/2024 16:43:17,18 - 24 years old,Female,"Instagram, TikTok",1,1,0,0,0,4 - 5 Hr,Evening,Neutral,None,0,0,0,0,0,1,None,0,0,0,0,0,1,I'd prefer to use it a lot less than I do.,"I struggle to focus for extended periods of time., I feel anxious and overwhelmed often., I am generally content and happy much of the time.",1,0,1,"Yes, but I haven't done it"
4/24/2024 10:39:40,18 - 24 years old,Female,"Instagram, YouTube, Reddit",1,0,1,1,0,5+ Hrs,Evening,Slightly Negative,Reddit,0,0,0,1,0,0,"Instagram, YouTube",1,0,1,0,0,0,I'd prefer to use it a lot less than I do.,"I struggle to focus for extended periods of time., I am generally content and happy much of the time.",1,0,0,"Yes, and I've done it"
4/24/2024 10:40:29,18 - 24 years old,Female,"Instagram, TikTok",1,1,0,0,0,5+ Hrs,Evening,Neutral,None,0,0,0,0,0,1,None,0,0,0,0,0,1,I'd prefer to use it slightly less than I do.,I am generally content and happy much of the time.,0,0,0,"Yes, but I haven't done it"
4/24/2024 10:47:43,18 - 24 years old,Female,"Instagram, TikTok, Twitter/X, YouTube",1,1,1,0,1,5+ Hrs,Evening,Slightly Negative,YouTube,0,0,1,0,0,0,"Instagram, TikTok, Twitter/X",1,1,0,0,1,0,I'd prefer to use it a lot less than I do.,I feel anxious and overwhelmed often.,0,0,1,"Yes, and I've done it"
4/24/2024 12:25:31,18 - 24 years old,Female,"Instagram, TikTok, Twitter/X",1,1,0,0,1,5+ Hrs,Evening,Very Positive,"Instagram, TikTok",1,1,0,0,0,0,"Instagram, TikTok",1,1,0,0,0,0,I'd prefer to use it slightly less than I do.,"I struggle to focus for extended periods of time., I feel anxious and overwhelmed often.",1,0,1,"Yes, but I haven't done it"
4/24/2024 14:13:08,18 - 24 years old,Male,"Instagram, TikTok, YouTube",1,1,1,0,0,5+ Hrs,Evening,Neutral,"Instagram, TikTok, YouTube",1,1,1,0,0,0,"Twitter/X, Reddit",0,0,0,1,1,0,I'd prefer to use it a lot less than I do.,"I struggle to focus for extended periods of time., I am generally content and happy much of the time.",1,0,0,"Yes, but I haven't done it"
4/25/2024 8:51:51,18 - 24 years old,Male,"Instagram, YouTube",1,0,1,0,0,5+ Hrs,Afternoon,Slightly Negative,None,0,0,0,0,0,1,"Instagram, YouTube",1,0,1,0,0,0,I'd prefer to use it a lot less than I do.,I struggle to focus for extended periods of time.,1,0,0,"Yes, but I haven't done it"
4/24/2024 19:03:54,,,,,,,,,,,,,33,25,61,12,6,41,,66,49,23,27,36,20,,,,,,